﻿Post number,Subject,Body,Attachment,Attachment caption,Author,Created At,Updated At
1,"","",https://padlet.com/johnsone2_/my-sumptuous-padlet-v3akn341sb2ofwh/wish/2782912775,,Ella Johnson (johnsone2_),2023-11-09 07:12:39 UTC,2023-11-09 07:12:39 UTC
2,"","",https://padlet.com/johnsone2_/my-sumptuous-padlet-v3akn341sb2ofwh/wish/2782913064,,Ella Johnson (johnsone2_),2023-11-09 07:12:56 UTC,2023-11-09 07:12:56 UTC
3,"","",https://padlet.com/johnsone2_/my-sumptuous-padlet-v3akn341sb2ofwh/wish/2782913256,,Ella Johnson (johnsone2_),2023-11-09 07:13:06 UTC,2023-11-09 07:13:06 UTC
4,"","",https://padlet.com/johnsone2_/my-sumptuous-padlet-v3akn341sb2ofwh/wish/2782914221,,Ella Johnson (johnsone2_),2023-11-09 07:13:58 UTC,2023-11-09 07:13:58 UTC
5,"","Getting to know the data:This data was collected by listening to the sounds of 21 different cats (but only two breeds).   This data tells us the “meows” when the cat is being brushed, isolated in an unfamiliar room, or when they are waiting for food.  This data can tell us how the cats react to each situation vocally.  We can find that there are 127 brush meows, 92 meows in an isolated unfamiliar room, and 221 meows waiting for food. For grouping, I would put the data on a Google sheet and organize it by main category first, then gender, and recording group.  The cats meow the most when they are waiting for food, there are 345 females and 95 males, and the cats meow the least when they are in an unfamiliar room.
","",,Ella Johnson (johnsone2_),2023-11-09 07:14:33 UTC,2023-11-09 07:14:33 UTC
